<?xml version="1.0"?>
<addon scheme="3.0">
   <id>hw_extra_addons</id>
   <version>1.8</version>
   <priority>700</priority>
   <position>0</position>
   <status>active</status>
   <has_icon>Y</has_icon>
   <default_language>en</default_language>
   <auto_install>MULTIVENDOR,ULTIMATE</auto_install>
   <supplier>Hungryweb</supplier>
   <supplier_link>https://www.hungryweb.net</supplier_link>
   <authors>
       <author>
           <name>Hungryweb</name>
           <email>info@hungryweb.net</email>
           <url>https://www.hungryweb.net</url>
       </author>
   </authors>
    <compatibility>
        <core_version>
            <min>4.4.1</min>
        </core_version>
    </compatibility>
</addon>
